pair,position,time,close,tp1,tp2,tp3,sl
AUD_USD,SELL,2022-04-22 16:14:00,0.72514,0.72338,0.72221,0.72074,0.72573
